{"cameraMode":{"drawMode":0,"name":"Shaded","section":"Shading Mode"},"sceneLighting":true,"audioPlay":false,"sceneViewState":{"m_AlwaysRefresh":false,"showFog":true,"showSkybox":true,"showFlares":true,"showImageEffects":true,"showParticleSystems":true,"showVisualEffectGraphs":true,"m_FxEnabled":true},"in2DMode":false,"pivot":{"x":456.44287109375,"y":219.72113037109376,"z":7.007427215576172},"rotation":{"x":0.0064919074065983299,"y":0.9880001544952393,"z":-0.14811891317367555,"w":0.04330294951796532},"size":252.01345825195313,"orthographic":false}